epoch,time,train/box_loss,train/seg_loss,train/cls_loss,train/dfl_loss,metrics/precision(B),metrics/recall(B),metrics/mAP50(B),metrics/mAP50-95(B),metrics/precision(M),metrics/recall(M),metrics/mAP50(M),metrics/mAP50-95(M),val/box_loss,val/seg_loss,val/cls_loss,val/dfl_loss,lr/pg0,lr/pg1,lr/pg2
1,19.0547,1.83411,4.01275,3.88839,1.80928,0.02392,1,0.02558,0.01423,0.02392,1,0.02558,0.01333,1.47683,2.06166,inf,2.84282,0.00034296,0.00034296,0.00034296
2,36.8016,1.54608,2.60119,2.49121,1.60686,0.00787,0.9,0.05092,0.01101,0.00186,0.3,0.00098,0.00015,2.63805,4309,inf,40.1745,0.000695589,0.000695589,0.000695589
3,54.0296,1.58466,2.69197,2.25765,1.57767,0.01275,0.7,0.04296,0.0116,0.00203,0.5,0.00224,0.00028,2.76599,63.8075,709.352,25.1694,0.0010435,0.0010435,0.0010435
4,71.0375,1.65266,2.47962,2.17932,1.66433,0.15031,0.6,0.21204,0.03563,0.14171,0.7,0.15283,0.02919,3.86117,3.30624,20.0918,5.79773,0.0013867,0.0013867,0.0013867
5,88.2642,1.66198,2.42442,2.00974,1.63991,0,0,0,0,0,0,0,0,5.05059,794.004,396.656,106.901,0.00139127,0.00139127,0.00139127
6,105.287,1.58626,2.34456,1.79564,1.62007,0.02035,0.2,0.00774,0.00125,0,0,0,0,3.628,23.1718,14.6057,9.8876,0.00138184,0.00138184,0.00138184
7,122.431,1.56245,2.57115,1.54138,1.54209,0.01634,0.2,0.01,0.00269,0,0,0,0,3.2832,4.68343,3.55226,2.56058,0.00137241,0.00137241,0.00137241
8,140.034,1.39084,2.19078,1.34939,1.46964,0.00143,0.4,0.00105,0.00013,0,0,0,0,3.90236,8.93623,104.625,7.65064,0.00136298,0.00136298,0.00136298
9,154.283,1.44477,2.19765,1.331,1.47702,1,0.79199,0.96833,0.39833,0.98811,0.7,0.7024,0.45453,1.94343,2.05907,1.99393,2.15836,0.00135355,0.00135355,0.00135355
10,167.526,1.31494,2.07231,1.287,1.40477,0.52827,0.9,0.68259,0.25788,0.51668,0.7,0.41892,0.2949,2.09413,1.561,1.5108,2.22082,0.00134412,0.00134412,0.00134412
11,180.509,1.32743,2.03139,1.16118,1.42368,0.98926,1,0.995,0.58148,0.98926,1,0.995,0.58616,1.55482,1.42338,1.24807,1.81827,0.00133469,0.00133469,0.00133469
12,193.708,1.35253,2.09366,1.20899,1.45204,0.88708,1,0.97682,0.52779,0.88708,1,0.97682,0.6163,1.57271,1.3037,1.13268,1.82876,0.00132525,0.00132525,0.00132525
13,208.175,1.27351,1.98479,1.11356,1.37002,0.99016,1,0.995,0.59646,0.99016,1,0.995,0.46144,1.24407,1.47276,0.97716,1.751,0.00131582,0.00131582,0.00131582
14,225.452,1.26427,2.03955,1.03926,1.39268,0.99239,1,0.995,0.59745,0.99239,1,0.995,0.58724,1.51757,1.32196,0.83068,1.94905,0.00130639,0.00130639,0.00130639
15,243.335,1.2637,2.01604,0.99188,1.38864,0.98659,1,0.995,0.68709,0.98659,1,0.995,0.60341,1.13484,1.20863,0.84358,1.73903,0.00129696,0.00129696,0.00129696
16,261.221,1.2119,1.92292,0.9792,1.35525,0.98552,1,0.995,0.64327,0.98552,1,0.995,0.56705,1.35008,1.25858,0.91587,1.73791,0.00128753,0.00128753,0.00128753
17,278.718,1.16873,1.85764,0.90098,1.36172,0.99293,1,0.995,0.60638,0.99293,1,0.995,0.5671,1.43406,1.32527,0.84054,1.82381,0.0012781,0.0012781,0.0012781
18,296.29,1.24174,1.91196,0.90625,1.36855,0.98836,1,0.995,0.70302,0.98836,1,0.995,0.5412,1.06407,1.14748,0.74749,1.64683,0.00126867,0.00126867,0.00126867
19,313.806,1.24426,1.95634,0.94031,1.3798,0.85995,1,0.995,0.64203,0.85995,1,0.995,0.50046,1.18035,1.27553,0.90833,1.72489,0.00125923,0.00125923,0.00125923
20,331.326,1.19182,1.93788,0.87825,1.36996,0.98882,1,0.995,0.64483,0.98882,1,0.995,0.55845,1.21555,1.19416,0.87851,1.76449,0.0012498,0.0012498,0.0012498
21,348.732,1.12551,1.78349,0.81875,1.32081,0.98453,1,0.995,0.65529,0.98453,1,0.995,0.56078,1.26103,1.37086,0.71045,1.71398,0.00124037,0.00124037,0.00124037
22,366.2,1.13797,1.80735,0.80867,1.30508,0.95911,1,0.995,0.69012,0.95911,1,0.995,0.5822,1.1634,1.23499,0.78119,1.83166,0.00123094,0.00123094,0.00123094
23,383.587,1.10495,1.81424,0.80273,1.29425,0.99206,1,0.995,0.68835,0.99206,1,0.995,0.65434,1.09913,1.06706,0.67823,1.63055,0.00122151,0.00122151,0.00122151
24,401.481,1.13536,1.84207,0.81293,1.29475,0.97382,1,0.995,0.65344,0.97382,1,0.995,0.60156,1.13822,1.14763,0.75828,1.76797,0.00121208,0.00121208,0.00121208
25,418.905,1.09458,1.86342,0.79261,1.29139,0.98936,1,0.995,0.67644,0.98936,1,0.995,0.52082,1.28131,1.37928,0.67338,1.76039,0.00120265,0.00120265,0.00120265
26,436.265,1.11485,1.82037,0.77464,1.30865,0.99405,1,0.995,0.61665,0.99405,1,0.995,0.6154,1.35088,1.20812,0.64742,1.74998,0.00119322,0.00119322,0.00119322
27,453.815,1.13416,1.78221,0.74907,1.31053,0.9838,1,0.995,0.70783,0.9838,1,0.995,0.63436,1.13822,1.05187,0.63593,1.74181,0.00118378,0.00118378,0.00118378
28,471.203,1.11051,1.73571,0.74267,1.28398,0.99122,1,0.995,0.72586,0.99122,1,0.995,0.59732,1.05542,1.03491,0.65903,1.70965,0.00117435,0.00117435,0.00117435
29,488.717,1.07841,1.72893,0.72224,1.27258,0.99361,1,0.995,0.71689,0.99361,1,0.995,0.60079,1.1282,1.16864,0.57505,1.69617,0.00116492,0.00116492,0.00116492
30,506.271,1.0366,1.67336,0.72312,1.26625,0.99301,1,0.995,0.7294,0.99301,1,0.995,0.63008,1.11405,1.15638,0.62258,1.69802,0.00115549,0.00115549,0.00115549
31,524.223,1.07295,1.73772,0.73584,1.26985,0.99412,1,0.995,0.64888,0.99412,1,0.995,0.49246,1.39011,1.28173,0.66445,1.89839,0.00114606,0.00114606,0.00114606
32,541.835,1.06215,1.71213,0.69207,1.23487,0.99349,1,0.995,0.65941,0.99349,1,0.995,0.60118,1.28842,1.13004,0.66873,1.87319,0.00113663,0.00113663,0.00113663
33,559.261,1.01583,1.62412,0.69178,1.25753,0.99315,1,0.995,0.73184,0.99315,1,0.995,0.59599,0.96362,1.11503,0.71271,1.55754,0.0011272,0.0011272,0.0011272
34,576.749,0.99583,1.68769,0.67646,1.24332,0.98553,1,0.995,0.71251,0.98553,1,0.995,0.59635,1.17557,1.13808,0.66351,1.73209,0.00111776,0.00111776,0.00111776
35,594.086,1.0083,1.67959,0.65595,1.23017,0.99375,1,0.995,0.70652,0.99375,1,0.995,0.54207,1.04431,1.33452,0.60159,1.6101,0.00110833,0.00110833,0.00110833
36,611.581,1.06104,1.72745,0.68665,1.2606,0.98719,1,0.995,0.66986,0.98719,1,0.995,0.56022,1.18061,1.25467,0.65496,1.66983,0.0010989,0.0010989,0.0010989
37,628.869,1.04997,1.64241,0.67827,1.25679,0.99339,1,0.995,0.73175,0.99339,1,0.995,0.6382,1.03345,1.0855,0.55452,1.642,0.00108947,0.00108947,0.00108947
38,646.724,1.00542,1.64377,0.68748,1.21807,0.98925,1,0.995,0.59417,0.98925,1,0.995,0.56799,1.29647,1.18592,0.6303,1.78306,0.00108004,0.00108004,0.00108004
39,664.241,0.96329,1.5798,0.63672,1.21563,0.99452,1,0.995,0.69978,0.99452,1,0.995,0.61474,1.18744,1.13669,0.61903,1.73787,0.00107061,0.00107061,0.00107061
40,679.139,0.9521,1.55324,0.63926,1.22483,0.99398,1,0.995,0.66478,0.99398,1,0.995,0.68781,1.16309,1.2011,0.52907,1.7307,0.00106118,0.00106118,0.00106118
41,692.054,0.96797,1.60377,0.64955,1.22209,0.99296,1,0.995,0.68591,0.99296,1,0.995,0.5947,1.13311,1.19927,0.66372,1.69867,0.00105174,0.00105174,0.00105174
42,708.251,0.92001,1.5056,0.60019,1.17276,0.99226,1,0.995,0.66269,0.99226,1,0.995,0.54386,1.13725,1.26802,0.56773,1.72195,0.00104231,0.00104231,0.00104231
43,724.639,0.93758,1.59379,0.62796,1.18071,0.99384,1,0.995,0.68777,0.99384,1,0.995,0.58466,1.19963,1.14003,0.58149,1.7437,0.00103288,0.00103288,0.00103288
44,754.817,0.96962,1.5523,0.60857,1.21272,0.99321,1,0.995,0.75427,0.99321,1,0.995,0.58351,0.84533,1.17985,0.51982,1.4609,0.00102345,0.00102345,0.00102345
45,776.484,1.0251,1.57413,0.62993,1.25004,0.99234,1,0.995,0.71764,0.99234,1,0.995,0.56331,1.17291,1.28716,0.55523,1.5524,0.00101402,0.00101402,0.00101402
46,791.081,0.95783,1.61656,0.60325,1.19609,0.99402,1,0.995,0.74111,0.99402,1,0.995,0.60655,1.03832,1.2072,0.53354,1.547,0.00100459,0.00100459,0.00100459
47,806.277,0.96352,1.62048,0.57777,1.21884,0.99371,1,0.995,0.75582,0.99371,1,0.995,0.63954,1.00349,1.08428,0.48928,1.51939,0.000995156,0.000995156,0.000995156
48,822.75,0.93932,1.58403,0.58959,1.18575,0.99345,1,0.995,0.74586,0.99345,1,0.995,0.64309,0.97521,1.10026,0.52033,1.5876,0.000985724,0.000985724,0.000985724
49,838.657,0.97264,1.50708,0.60546,1.19485,0.99388,1,0.995,0.77173,0.99388,1,0.995,0.58526,1.01138,1.43355,0.53106,1.66829,0.000976293,0.000976293,0.000976293
50,857.767,0.9819,1.6322,0.61187,1.21798,0.99246,1,0.995,0.70278,0.99246,1,0.995,0.61345,1.15832,1.194,0.51665,1.60709,0.000966861,0.000966861,0.000966861
51,874.664,0.96037,1.50149,0.61217,1.20187,0.9916,1,0.995,0.75753,0.9916,1,0.995,0.55794,1.04708,1.19289,0.47414,1.67372,0.00095743,0.00095743,0.00095743
52,891.595,0.93703,1.51014,0.57906,1.20069,0.99456,1,0.995,0.7194,0.99456,1,0.995,0.63552,1.04496,1.19574,0.50972,1.70412,0.000947999,0.000947999,0.000947999
53,908.447,0.91106,1.52385,0.57444,1.16855,0.99405,1,0.995,0.74908,0.99405,1,0.995,0.60519,1.0058,1.24113,0.49973,1.59462,0.000938567,0.000938567,0.000938567
54,925.305,0.95485,1.58048,0.5907,1.19431,0.99404,1,0.995,0.69646,0.99404,1,0.995,0.58772,0.98513,1.10867,0.52568,1.56501,0.000929136,0.000929136,0.000929136
55,942.232,0.90117,1.43267,0.58296,1.17701,0.99362,1,0.995,0.68278,0.99362,1,0.995,0.60084,1.18005,1.18345,0.57041,1.9428,0.000919704,0.000919704,0.000919704
56,959.238,0.8734,1.41349,0.54696,1.15661,1,1,0.995,0.70693,1,1,0.995,0.57787,1.14564,1.25159,0.53599,1.85069,0.000910273,0.000910273,0.000910273
57,976.295,0.95241,1.53851,0.59292,1.21034,0.99365,1,0.995,0.70801,0.99365,1,0.995,0.61662,1.1386,1.15763,0.52551,1.81559,0.000900842,0.000900842,0.000900842
58,993.235,0.86724,1.44314,0.53353,1.14564,0.99432,1,0.995,0.70746,0.99432,1,0.995,0.52689,1.14356,1.29921,0.55132,1.92087,0.00089141,0.00089141,0.00089141
59,1011.17,0.86874,1.43042,0.5392,1.1537,0.99334,1,0.995,0.67433,0.99334,1,0.995,0.56133,1.22342,1.30492,0.52579,1.81777,0.000881979,0.000881979,0.000881979
60,1028.57,0.8917,1.4361,0.53271,1.16384,0.99418,1,0.995,0.67615,0.99418,1,0.995,0.63333,1.15902,1.10543,0.55402,1.77388,0.000872547,0.000872547,0.000872547
61,1045.82,0.89704,1.47826,0.51079,1.15826,0.99467,1,0.995,0.75166,0.99467,1,0.995,0.64239,0.99424,1.18851,0.45445,1.69649,0.000863116,0.000863116,0.000863116
62,1063,0.92531,1.5307,0.54244,1.16757,0.99431,1,0.995,0.7272,0.99431,1,0.995,0.60854,1.11893,1.19208,0.48347,1.75742,0.000853685,0.000853685,0.000853685
63,1080.32,0.87369,1.4797,0.53395,1.14285,0.99402,1,0.995,0.74646,0.99402,1,0.995,0.64566,1.01789,1.10908,0.44601,1.80398,0.000844253,0.000844253,0.000844253
64,1096.48,0.85149,1.43516,0.52717,1.12392,0.99456,1,0.995,0.74341,0.99456,1,0.995,0.57991,1.00796,1.29172,0.48203,1.73212,0.000834822,0.000834822,0.000834822
65,1113.49,0.87741,1.49256,0.53211,1.13456,0.99407,1,0.995,0.7397,0.99407,1,0.995,0.60991,1.0834,1.1595,0.47231,1.8752,0.00082539,0.00082539,0.00082539
66,1130.57,0.80961,1.35059,0.51362,1.12203,0.99436,1,0.995,0.74968,0.99436,1,0.995,0.6557,1.04333,1.12595,0.45365,1.75272,0.000815959,0.000815959,0.000815959
67,1147.82,0.84024,1.37777,0.50739,1.11264,0.99433,1,0.995,0.74651,0.99433,1,0.995,0.61715,1.0029,1.37897,0.42828,1.75423,0.000806528,0.000806528,0.000806528
68,1164.78,0.84512,1.42171,0.54549,1.13781,0.99425,1,0.995,0.74496,0.99425,1,0.995,0.59886,1.03131,1.18846,0.43389,1.67116,0.000797096,0.000797096,0.000797096
69,1181.73,0.84704,1.44403,0.51883,1.13071,0.99444,1,0.995,0.76383,0.99444,1,0.995,0.56541,0.82129,1.23357,0.40465,1.41458,0.000787665,0.000787665,0.000787665
70,1198.64,0.822,1.37752,0.49603,1.11809,0.99401,1,0.995,0.74393,0.99401,1,0.995,0.61552,0.96296,1.14192,0.41665,1.57342,0.000778233,0.000778233,0.000778233
71,1215.68,0.82224,1.34074,0.51202,1.10415,0.99315,1,0.995,0.69655,0.99315,1,0.995,0.58538,1.11893,1.15096,0.47691,1.95284,0.000768802,0.000768802,0.000768802
72,1232.8,0.79716,1.43519,0.48856,1.10268,0.99344,1,0.995,0.78064,0.99344,1,0.995,0.58455,0.94325,1.17746,0.49359,1.59169,0.000759371,0.000759371,0.000759371
73,1249.85,0.77859,1.34842,0.48967,1.05808,0.99437,1,0.995,0.74652,0.99437,1,0.995,0.64993,1.04971,1.168,0.49397,1.75887,0.000749939,0.000749939,0.000749939
74,1265.12,0.76666,1.42445,0.48547,1.08898,0.99452,1,0.995,0.80623,0.99452,1,0.995,0.63149,0.89087,1.29601,0.43181,1.58384,0.000740508,0.000740508,0.000740508
75,1282.3,0.81891,1.42301,0.49511,1.11608,0.99438,1,0.995,0.73,0.99438,1,0.995,0.56458,1.0031,1.2693,0.45079,1.72595,0.000731076,0.000731076,0.000731076
76,1299.29,0.82266,1.39915,0.49602,1.10159,0.99433,1,0.995,0.70407,0.99433,1,0.995,0.60494,1.10722,1.11887,0.47673,1.85551,0.000721645,0.000721645,0.000721645
77,1316.19,0.7872,1.34724,0.50906,1.09107,0.99422,1,0.995,0.71558,0.99422,1,0.995,0.61616,0.98787,1.19053,0.49403,1.64659,0.000712214,0.000712214,0.000712214
78,1333.12,0.75308,1.30584,0.46973,1.07962,0.99427,1,0.995,0.7115,0.99427,1,0.995,0.60814,1.05096,1.16136,0.47884,1.90851,0.000702782,0.000702782,0.000702782
79,1347.15,0.7555,1.35237,0.47348,1.07216,0.99458,1,0.995,0.73407,0.99458,1,0.995,0.57668,1.01455,1.34128,0.43399,1.64658,0.000693351,0.000693351,0.000693351
80,1360.52,0.73524,1.34582,0.45016,1.05364,0.99443,1,0.995,0.70107,0.99443,1,0.995,0.58306,1.1444,1.23986,0.4389,2.0295,0.000683919,0.000683919,0.000683919
81,1373.26,0.79288,1.31065,0.47666,1.10989,0.99468,1,0.995,0.73094,0.99468,1,0.995,0.59934,1.06112,1.22201,0.44504,1.87639,0.000674488,0.000674488,0.000674488
82,1388.66,0.73461,1.26071,0.45489,1.08233,0.99459,1,0.995,0.82473,0.99459,1,0.995,0.63736,0.9045,1.31442,0.43342,1.59883,0.000665057,0.000665057,0.000665057
83,1417.86,0.72017,1.285,0.45287,1.05961,0.99439,1,0.995,0.72108,0.99439,1,0.995,0.66443,1.00592,1.13935,0.39931,1.87752,0.000655625,0.000655625,0.000655625
84,1441.77,0.75854,1.29587,0.46952,1.0621,0.99415,1,0.995,0.74933,0.99415,1,0.995,0.60679,0.95316,1.19569,0.39504,1.76846,0.000646194,0.000646194,0.000646194
85,1456.31,0.7376,1.28908,0.43754,1.05316,0.99459,1,0.995,0.70727,0.99459,1,0.995,0.61557,1.08289,1.29377,0.42865,1.76371,0.000636762,0.000636762,0.000636762
86,1477.06,0.76756,1.32923,0.46783,1.05794,0.99446,1,0.995,0.71596,0.99446,1,0.995,0.60698,1.04788,1.32125,0.45366,1.65119,0.000627331,0.000627331,0.000627331
87,1494.49,0.7352,1.22427,0.44758,1.05223,0.9945,1,0.995,0.76909,0.9945,1,0.995,0.62162,0.88325,1.23991,0.48352,1.61293,0.0006179,0.0006179,0.0006179
88,1511.26,0.7506,1.25055,0.45305,1.05666,0.99441,1,0.995,0.7601,0.99441,1,0.995,0.60215,0.89509,1.25685,0.38619,1.53279,0.000608468,0.000608468,0.000608468
89,1526.11,0.70529,1.20067,0.43721,1.02998,0.99449,1,0.995,0.73665,0.99449,1,0.995,0.63104,1.06091,1.15578,0.43695,1.85101,0.000599037,0.000599037,0.000599037
90,1539.05,0.74906,1.33454,0.47043,1.04188,0.9943,1,0.995,0.73973,0.9943,1,0.995,0.63572,0.98856,1.17871,0.41783,1.88207,0.000589605,0.000589605,0.000589605
91,1551.72,0.71883,1.24185,0.43704,1.03269,0.99452,1,0.995,0.71647,0.99452,1,0.995,0.57309,1.05824,1.21034,0.48985,1.74759,0.000580174,0.000580174,0.000580174
92,1564.68,0.7284,1.25965,0.43516,1.05929,0.99454,1,0.995,0.72752,0.99454,1,0.995,0.6123,0.96976,1.20017,0.46116,1.70822,0.000570743,0.000570743,0.000570743
93,1579.63,0.68963,1.26584,0.43863,1.01973,0.99419,1,0.995,0.69746,0.99419,1,0.995,0.56893,1.13909,1.25502,0.47702,1.96001,0.000561311,0.000561311,0.000561311
94,1592.21,0.72127,1.27611,0.43972,1.0494,0.9944,1,0.995,0.70974,0.9944,1,0.995,0.57787,1.06557,1.23348,0.45569,1.81753,0.00055188,0.00055188,0.00055188
95,1604.65,0.67161,1.23383,0.42251,1.01868,0.99475,1,0.995,0.72024,0.99475,1,0.995,0.59865,1.09721,1.23515,0.40599,1.79952,0.000542448,0.000542448,0.000542448
96,1617.71,0.6927,1.24694,0.42473,1.0164,0.9947,1,0.995,0.77742,0.9947,1,0.995,0.64554,0.95923,1.309,0.40531,1.6844,0.000533017,0.000533017,0.000533017
97,1630.65,0.67513,1.22285,0.43199,1.03204,0.99467,1,0.995,0.716,0.99467,1,0.995,0.60047,1.17826,1.37084,0.42897,2.16928,0.000523586,0.000523586,0.000523586
98,1644.12,0.70095,1.20953,0.42274,1.03301,0.99469,1,0.995,0.71106,0.99469,1,0.995,0.52496,1.18038,1.4936,0.46235,1.95805,0.000514154,0.000514154,0.000514154
99,1657.68,0.71725,1.23539,0.44497,1.0211,0.99456,1,0.995,0.79202,0.99456,1,0.995,0.63661,0.88706,1.165,0.42937,1.53668,0.000504723,0.000504723,0.000504723
100,1671.58,0.71822,1.16623,0.42331,1.03973,0.99463,1,0.995,0.77338,0.99463,1,0.995,0.59492,0.9441,1.24194,0.39951,1.80708,0.000495291,0.000495291,0.000495291
101,1684.61,0.65252,1.14098,0.40365,0.99962,0.99473,1,0.995,0.80778,0.99473,1,0.995,0.67755,0.83423,1.17205,0.38474,1.56458,0.00048586,0.00048586,0.00048586
102,1697.72,0.64166,1.17916,0.40643,0.99725,0.99475,1,0.995,0.81017,0.99475,1,0.995,0.62379,0.88786,1.38071,0.35194,1.54977,0.000476429,0.000476429,0.000476429
103,1711.02,0.69713,1.24328,0.43393,1.01986,0.99445,1,0.995,0.71367,0.99445,1,0.995,0.55195,1.03719,1.30531,0.39723,1.73167,0.000466997,0.000466997,0.000466997
104,1724.65,0.63988,1.18714,0.39646,0.98069,0.99429,1,0.995,0.71226,0.99429,1,0.995,0.57706,1.03598,1.36549,0.41132,1.87544,0.000457566,0.000457566,0.000457566
105,1739.8,0.62014,1.15822,0.38609,0.97339,0.99465,1,0.995,0.7347,0.99465,1,0.995,0.61594,0.94137,1.25943,0.37146,1.76146,0.000448134,0.000448134,0.000448134
106,1754.44,0.61829,1.15914,0.38593,0.98627,0.99477,1,0.995,0.73114,0.99477,1,0.995,0.53746,1.00001,1.46229,0.38122,1.73569,0.000438703,0.000438703,0.000438703
107,1766.88,0.62108,1.13157,0.39067,0.97362,0.99474,1,0.995,0.7322,0.99474,1,0.995,0.57581,0.97613,1.21244,0.39413,1.74834,0.000429272,0.000429272,0.000429272
108,1779.21,0.64536,1.11002,0.39472,0.97084,0.99467,1,0.995,0.76551,0.99467,1,0.995,0.59978,1.0571,1.4032,0.4467,1.80249,0.00041984,0.00041984,0.00041984
109,1793.65,0.63871,1.15236,0.40634,0.97899,1,1,0.995,0.74097,1,1,0.995,0.63763,1.05831,1.24747,0.4494,1.93354,0.000410409,0.000410409,0.000410409
110,1809.34,0.64444,1.1569,0.40849,0.98203,0.99485,1,0.995,0.75644,0.99485,1,0.995,0.6279,1.01795,1.32161,0.39048,1.81879,0.000400977,0.000400977,0.000400977
111,1824.34,0.63751,1.1667,0.39953,0.98103,0.99493,1,0.995,0.74678,0.99493,1,0.995,0.63533,0.99268,1.26447,0.4149,1.77721,0.000391546,0.000391546,0.000391546
112,1837.3,0.6064,1.14029,0.38103,0.9652,0.99478,1,0.995,0.74131,0.99478,1,0.995,0.58392,1.08957,1.43067,0.44658,2.0121,0.000382115,0.000382115,0.000382115
113,1850.05,0.59785,1.14295,0.38287,0.97065,0.99469,1,0.995,0.73721,0.99469,1,0.995,0.61759,1.0094,1.26415,0.42957,1.93415,0.000372683,0.000372683,0.000372683
114,1862.99,0.59658,1.09042,0.38121,0.98141,1,1,0.995,0.75913,1,1,0.995,0.64138,1.00768,1.20584,0.39869,1.90311,0.000363252,0.000363252,0.000363252
115,1876.47,0.58636,1.0673,0.37082,0.97744,1,1,0.995,0.77389,1,1,0.995,0.62128,0.90918,1.35504,0.3518,1.73206,0.00035382,0.00035382,0.00035382
116,1890.01,0.61093,1.08053,0.37875,0.96206,1,1,0.995,0.74664,1,1,0.995,0.61504,0.94866,1.48959,0.41742,1.74908,0.000344389,0.000344389,0.000344389
117,1903.24,0.61657,1.12133,0.37654,0.96931,1,1,0.995,0.79396,1,1,0.995,0.66213,0.8454,1.30793,0.37576,1.67271,0.000334958,0.000334958,0.000334958
118,1916.06,0.58327,1.09397,0.36462,0.95026,1,1,0.995,0.80375,1,1,0.995,0.65723,0.90264,1.29297,0.38628,1.75982,0.000325526,0.000325526,0.000325526
119,1928.59,0.59923,1.11856,0.3692,0.96033,0.99499,1,0.995,0.76678,0.99499,1,0.995,0.6052,0.96185,1.42972,0.39527,1.87705,0.000316095,0.000316095,0.000316095
120,1941.24,0.60236,1.13345,0.37422,0.96451,0.99488,1,0.995,0.77453,0.99488,1,0.995,0.58996,0.93864,1.38419,0.37689,1.93877,0.000306663,0.000306663,0.000306663
121,1953.73,0.57194,1.05855,0.3555,0.94555,0.99476,1,0.995,0.78623,0.99476,1,0.995,0.54554,0.91514,1.43787,0.37996,1.90379,0.000297232,0.000297232,0.000297232
122,1969.38,0.55172,1.06228,0.35231,0.93881,1,1,0.995,0.75685,1,1,0.995,0.6012,1.05521,1.38506,0.4315,2.03879,0.000287801,0.000287801,0.000287801
123,1982.45,0.55206,1.00642,0.33708,0.93881,0.99473,1,0.995,0.73483,0.99473,1,0.995,0.63004,0.97673,1.34417,0.41929,1.95274,0.000278369,0.000278369,0.000278369
124,1995,0.55905,1.06119,0.35377,0.94881,0.99491,1,0.995,0.76963,0.99491,1,0.995,0.64164,0.88392,1.29597,0.39545,1.83588,0.000268938,0.000268938,0.000268938
125,2007.64,0.54208,1.04047,0.34894,0.9411,0.99481,1,0.995,0.76006,0.99481,1,0.995,0.63574,0.92629,1.25802,0.3899,2.07117,0.000259506,0.000259506,0.000259506
126,2020.28,0.55365,1.09117,0.3504,0.91488,0.99471,1,0.995,0.73982,0.99471,1,0.995,0.54768,1.00403,1.50857,0.38782,2.06638,0.000250075,0.000250075,0.000250075
127,2032.96,0.59489,1.09297,0.36707,0.96679,1,1,0.995,0.77324,1,1,0.995,0.57299,0.93306,1.46227,0.38324,1.78079,0.000240644,0.000240644,0.000240644
128,2045.6,0.5277,1.05622,0.33369,0.92139,0.9949,1,0.995,0.80623,0.9949,1,0.995,0.63059,0.83297,1.37745,0.36632,1.77494,0.000231212,0.000231212,0.000231212
129,2059.44,0.57327,1.02588,0.34667,0.94915,0.99484,1,0.995,0.8015,0.99484,1,0.995,0.66663,0.8468,1.34194,0.38081,1.83255,0.000221781,0.000221781,0.000221781
130,2073.25,0.52076,1.0055,0.33915,0.92134,0.99481,1,0.995,0.79062,0.99481,1,0.995,0.67583,0.9636,1.36883,0.42229,1.8489,0.000212349,0.000212349,0.000212349
131,2086.16,0.55382,1.03585,0.34894,0.92902,0.99487,1,0.995,0.81808,0.99487,1,0.995,0.64958,0.89077,1.37573,0.35844,1.82927,0.000202918,0.000202918,0.000202918
132,2098.73,0.54079,1.00248,0.34167,0.92631,0.99482,1,0.995,0.79048,0.99482,1,0.995,0.68185,0.9226,1.33461,0.36911,1.85783,0.000193487,0.000193487,0.000193487
133,2111.26,0.54318,1.01545,0.3432,0.92722,0.99491,1,0.995,0.75446,0.99491,1,0.995,0.64916,0.98475,1.32794,0.37919,1.88298,0.000184055,0.000184055,0.000184055
134,2123.91,0.54657,0.97042,0.34073,0.94742,0.99482,1,0.995,0.75141,0.99482,1,0.995,0.63229,0.99525,1.4309,0.39395,1.81599,0.000174624,0.000174624,0.000174624
135,2136.47,0.51142,0.96187,0.33022,0.92771,0.99487,1,0.995,0.74642,0.99487,1,0.995,0.59649,0.97544,1.40317,0.39079,1.788,0.000165192,0.000165192,0.000165192
136,2148.98,0.53161,0.96874,0.33246,0.91747,0.995,1,0.995,0.77721,0.995,1,0.995,0.62904,0.91625,1.30068,0.39375,1.79067,0.000155761,0.000155761,0.000155761
137,2161.45,0.50087,0.96665,0.32485,0.90647,0.99502,1,0.995,0.75627,0.99502,1,0.995,0.61854,0.91999,1.36062,0.40869,1.77314,0.00014633,0.00014633,0.00014633
138,2173.92,0.53774,0.97463,0.32719,0.92277,0.99503,1,0.995,0.74975,0.99503,1,0.995,0.61938,0.92728,1.30804,0.38781,1.77887,0.000136898,0.000136898,0.000136898
139,2186.48,0.51703,0.98806,0.33688,0.91459,0.99489,1,0.995,0.77177,0.99489,1,0.995,0.59301,0.92104,1.46397,0.34739,1.91373,0.000127467,0.000127467,0.000127467
140,2201.29,0.50183,0.96107,0.3278,0.92655,0.99491,1,0.995,0.77452,0.99491,1,0.995,0.59301,0.8828,1.49365,0.34592,1.87421,0.000118035,0.000118035,0.000118035
141,2237.84,0.48018,0.78374,0.3029,0.86162,0.99506,1,0.995,0.77258,0.99506,1,0.995,0.6165,0.92596,1.47718,0.37065,1.83319,0.000108604,0.000108604,0.000108604
142,2251.73,0.46827,0.78541,0.29671,0.8614,0.99502,1,0.995,0.7682,0.99502,1,0.995,0.59527,0.95739,1.42452,0.37526,1.89017,9.91726e-05,9.91726e-05,9.91726e-05
143,2264.3,0.4487,0.76968,0.2904,0.86775,0.99498,1,0.995,0.7715,0.99498,1,0.995,0.6115,0.88915,1.36553,0.35118,1.77525,8.97412e-05,8.97412e-05,8.97412e-05
144,2276.72,0.44152,0.73393,0.28344,0.85976,0.99503,1,0.995,0.79386,0.99503,1,0.995,0.63358,0.83785,1.32452,0.33458,1.68277,8.03098e-05,8.03098e-05,8.03098e-05
145,2289.07,0.44562,0.74884,0.28542,0.84687,0.99503,1,0.995,0.8083,0.99503,1,0.995,0.62735,0.84285,1.322,0.32881,1.69834,7.08784e-05,7.08784e-05,7.08784e-05
146,2307.84,0.42384,0.73509,0.28094,0.84347,0.99502,1,0.995,0.77165,0.99502,1,0.995,0.62061,0.90407,1.36282,0.33607,1.78394,6.1447e-05,6.1447e-05,6.1447e-05
147,2323.89,0.44052,0.73478,0.27534,0.83135,0.99498,1,0.995,0.75849,0.99498,1,0.995,0.60747,0.9455,1.40078,0.36306,1.91156,5.20156e-05,5.20156e-05,5.20156e-05
148,2346.72,0.44631,0.70959,0.27371,0.83432,0.995,1,0.995,0.76313,0.995,1,0.995,0.60337,0.92738,1.39691,0.35624,1.90762,4.25842e-05,4.25842e-05,4.25842e-05
149,2363.56,0.42716,0.73225,0.26988,0.86009,0.99503,1,0.995,0.7571,0.99503,1,0.995,0.59872,0.92788,1.38166,0.3535,1.88678,3.31528e-05,3.31528e-05,3.31528e-05
150,2375.86,0.42218,0.72035,0.26957,0.85229,0.99508,1,0.995,0.75742,0.99508,1,0.995,0.59872,0.94363,1.37874,0.36147,1.88691,2.37214e-05,2.37214e-05,2.37214e-05
